5001	C4BBB2	White Ab
5002	92ABA8	Light Blue Ab
5003	0F77A6	Aegean Blue Ab
5004	DE9788	Pink Ab
5005	D0A217	Yellow Ab
5006	C9433E	Red Ab
5007	C8B791	Cream Ab
5008	859129	Bright Green Ab
5009	6D9598	Baby Blue Ab
5010	AF89A5	Mauve Ab
5011	5A5C5B	Crystal Ab
5012	D13725	Orange Ab
8165	95B3B4	Aqua Mist
8174	5A95A1	Mid Aqua Marine
8175	318B9E	Aqua Marine
8176	0D4F6E	Dark Aqua Marine
8177	89B0A1	Pale Turquoise
8178	719E9C	Mid Turquoise
8179	46838F	Turquoise
8180	417C84	Dark Turquoise
8181	186572	Oriental Turquoise
8183	999F94	Turquoise Ice
8184	70807D	Pale Slate
8185	5B6C6E	Mid Slate
8186	3B4B51	Slate
8187	253D43	Dark Slate
8188	50908D	Light Jade
8189	2E7A77	Jade
8190	0B4343	Dark Jade
8209	34554A	Dark Beryl
8212	75998E	Light Agave
8213	52857D	Agave
8214	445854	Dark Agave
8215	354F4B	Pine Green
8216	173632	Dark Pine Green
8001	1F1F24	Black
8405	372829	Burnt Umber
8415	938072	Stone
8416	706657	Dark Stone
8417	494740	Smoke
8418	342C28	Black Pearl
8420	9A9078	Dark Ash
8422	4D4C51	Deep Ocean
8426	7A5C4E	Medium Clay
8427	6A4A3C	Dark Clay
8436	7A8178	Smokey Grey
8437	71665F	Dark Cement
8438	5A5B56	Thunder Grey
8439	433C38	Storm Grey
8442	7A7B84	Medium Dove
8443	585862	Dark Dove
8444	959797	Mist
8445	7B8487	Pebble
8446	4D4B55	Shadow
8447	384A52	Blue Gum
8448	403E44	Steel
8108	8797A7	Blue Grey
8109	657C96	Mid Blue Grey
8110	40668D	Blue Shadow
8115	7397A8	Duck Egg Blue
8116	6489A9	Sky Blue
8117	50779F	Mid Sky Blue
8118	425F88	Dark Sky Blue
8119	2A4C81	Light Delft
8120	304A7F	Delft
8121	242F5E	Junior Navy
8122	6994A8	Azure
8123	2E5F99	Cornflower
8124	275698	Dark Cornflower
8125	5597B9	Forget-Me-Not Blue
8126	347DB5	Delphinium Blue
8127	115EA0	Santorini Blue
8128	0E5396	Reflex Blue
8129	0E509D	Dark Reflex Blue
8130	123F85	Ocean Blue
8131	133B7B	Navy Blue
8132	82B3AE	Light Glacier
8133	59A1AD	Glacier Blue
8134	3AA5C1	Dark Glacier
8135	386F95	Pale Denim
8136	125985	Denim
8137	14416B	Dark Denim
8138	1D96BC	Light Aegean
8139	0E87BB	Aegean Blue
8140	0967A4	Deep Aegean Blue
8141	269CB3	Light Aqua
8142	139AB9	Aqua
8143	087EA4	Dark Aqua
8144	73869F	Pale Blue Grey
8145	586D87	French Blue
8146	334B6D	Dark Blue Grey
8148	9BB5B5	Ice Blue
8149	8DB8BA	Mid Sea Quest
8150	75A6B2	Sea Quest
8151	608EA4	Dark Sea Quest
8152	347295	Oriental Light Blue
8153	306189	Oriental Blue
8154	1A4A74	Mid Oriental Blue
8155	1C4163	Dark Oriental Blue
8156	152F53	Ink
8157	17253D	Midnight Blue
8158	201F31	Indigo
8159	98AEAE	Baby Blue
8160	7A959A	Light Teal
8161	5E7F8B	Mid Teal
8162	486B79	Teal
8163	244659	Dark Teal
8164	183349	Midnight Teal
8166	78A9B1	Bluestone
8167	6793A5	Heavenly Blue
8168	3188A5	Light Kingfisher
8169	1A7095	Kingfisher
8170	1C5178	Dark Kingfisher
8171	104D80	Sapphire
8172	143862	Dark Sapphire
8173	88B2AF	Light Aqua Marine
8282	89845C	Light Eucalypt
8283	7E764C	Gum Green
8284	87734B	Green Gold
8285	C2AD70	Pale Gold
8286	B59040	Gold
8287	9B7130	Deep Gold
8288	8F7635	Light Bronze
8289	69532C	Dark Khaki
8290	6D4825	Bronze
8292	8E7F6B	String
8293	5E5344	Gun Metal
8294	6E614C	Putty
8296	A28C62	Linen
8297	84644B	Fawn
8298	845B3F	Dark Linen
8303	705038	Mocha
8304	835B3F	Olivine
8307	A8662B	Deep Cadmium
8308	83422C	Russet
8309	DD9E70	Oaten
8310	9F6F48	Pale Ginger
8311	94663A	Dark Ginger
8312	A37140	Golden Ginger
8355	D58762	Light Ochre
8356	C4623F	Mid Ochre
8357	A7492C	Dark Ochre
8358	9E422A	Ochre
8359	5E2C1F	Dark Brown
8364	CC8560	Medium Skin Tone
8365	CF844F	Light Tan
8366	BE6837	Mid Tan
8367	B65E33	Tan
8368	793624	Dark Tan
8380	5E2426	Red Mud
8381	582225	Dark Burgundy
8384	BB7462	Mole Pink
8385	B17771	Light Mole
8386	955C56	Mole
8387	794038	Dark Mole
8397	C9977A	Medium Latte
8398	AD7154	Latte
8399	A56344	Dark Latte
8400	8A4939	Bark
8401	703626	Brown
8402	562D26	Chocolate Brown
8403	5A332A	Dirty Paw
8404	482621	Purple Brown
8407	B78F7A	Pale Donkey
8408	9F715D	Medium Donkey
8409	7C5544	Donkey
8410	4A332D	Charcoal
8425	937F66	Grey Green Haze
8430	967063	Mid Twig
8431	8B6657	Dark Twig
8432	66483A	Sepia
8433	402B29	Dark Sepia
8147	BBBF9F	Ice
8182	17515E	Midnight Turquoise
8191	68AAA0	Light Reef
8192	4B968C	Medium Reef
8193	3A8E81	Reef
8194	086D62	Dark Reef
8195	2E8879	Waterfall
8196	1A8677	Deep Waterfall
8198	569089	Spa
8199	32857C	Deep Spa
8200	23766F	Blue Green
8201	0A544F	Dark Blue Green
8202	719279	Soft Green
8203	6E987C	Light Apple Green
8204	608D79	Apple Green
8205	48775D	Dark Apple Green
8206	224D3E	Wattle Green
8210	386659	Light Juniper
8211	254B43	Juniper
8217	9BC79E	Pale Mint Green
8218	72B388	Medium Mint Green
8219	4E9F6B	Mint Green
8220	359A63	Bright Mint Green
8221	389A5C	Light Emerald
8222	15733B	Emerald Green
8223	0D6A46	Dark Emerald
8224	165337	Holly Green
8225	B0AE84	Chartreuse
8226	889572	Antique Green
8227	567654	Light Jungle
8228	4D6C4B	Jungle
8229	2C4931	Deep Jungle
8230	23462C	Veridian
8231	8EAC74	Pastel Green
8232	819D51	Pale Fern
8233	587D43	Fern
8234	4C7342	Medium Fern
8235	30542B	Dark Fern
8236	AEB277	Pale Chartreuse
8238	6D774B	Palm Green
8241	325D3A	Cedar Green
8242	9DAA2B	Parrot
8243	7DA034	Dark Parrot
8244	528C33	Lorikeet
8245	0E5E23	Kelly Green
8246	0D5A27	Mid Kelly Green
8247	0F532C	Dark Kelly Green
8248	97A01E	Light Frog Green
8249	467B11	Frog Green
8250	3D631F	Leprachaun
8251	395821	Loden Green
8253	928F4F	Lichen
8254	6A7F30	Pickle Green
8256	636325	Mineral Green
8257	4F5438	Medium Forest
8258	444532	Forest
8259	393528	Dark Forest
8271	C0B329	Bright Lime
8421	707F65	Greenstone
8207	627B75	Turquoise Breath
8208	417A70	Beryl
8237	A59755	Deep Chartreuse
8252	B7A05F	Celery Green
8260	8F907D	Grey Green
8261	919266	Pale Olive
8262	6D734E	Grass Green
8263	4E522F	Olive
8264	5C5F47	Sage
8265	778376	Green Haze
8266	314737	Hunter Green
8267	827F55	Dark Pickle
8268	535F3F	Sap Green
8269	444F33	Dark Olive
8270	D0AC57	Pale Yellow
8272	9E851D	Bright Khaki
8273	677323	May Green
8274	616429	Mid May Green
8275	998542	Light Khaki
8276	8B772B	Khaki
8277	555526	Dark May Green
8278	4B5024	Army Green
8279	8B8C6C	Winter Green
8280	727655	Eucalypt
8281	5F633E	Dark Eucalypt
8089	9E898B	Purple Smoke
8090	8D777F	Pale Mushroom
8091	6F515F	Mushroom
8092	613D4B	Dark Mushroom
8093	986174	Light Mauve
8094	6F3E58	Mauve
8095	623249	Dark Mauve
8096	411B2E	Maroon
8097	C196B3	Pale Lilac
8098	B581BB	Lilac
8099	9D6095	Mid Lilac
8100	743876	Light Purple
8101	612969	Purple
8102	542663	Dark Purple
8103	B39AB6	Purple Ice
8104	977AAD	Lavenda
8105	4E3E91	Jacaranda
8106	403184	Imperial Purple
8107	3C1948	Royal Purple
8111	576299	Dark Lavenda
8112	7557A3	Soft Violet
8113	483989	Gentian
8114	583E8D	Gentian Violet
8388	9A8C8F	Light Oyster
8389	948087	Mid Oyster
8390	7D6B73	Oyster
8391	94757A	Light Java
8392	69494F	Java
8393	624145	Dark Java
7001	806945	Red Gold Metallic
7002	202D39	Prism Metallic
7003	6E6048	Rich Gold Metallic
7004	2A2B30	Pewter Metallic
7005	686763	Silver Metallic
7006	8E7659	Dark Gold Metallic
7007	6C6046	Classic Gold Metallic
7008	6E674C	Light Gold Metallic
7009	666354	Platinum Metallic
3001	74BD4B	Neon Green
3002	E8CF18	Neon Yellow
3003	F53961	Neon Pink
3004	F5693E	Neon Orange
4001	C4C5C5	Glow In The Dark
8330	F07D19	Light Orange
8331	F26F26	Mid Orange
8332	EF5B27	Bright Orange
8333	F15028	Dark Orange
8334	D73A2A	Flame
8339	ED5C3D	Deep Coral
8340	E43525	Tangerine
8343	E99676	Pink Pearl
8344	EF784C	Light Terra Cotta
8345	CC4F31	Terra Cotta
8346	CD4B2B	Dark Terra Cotta
8347	DC8261	Pink Marble
8354	E1AF98	Mid Nacre
8362	DC8957	Skin Tone
8363	D46A3F	Dark Skin Tone
8004	D38B8A	Pale Rose
8005	DE7F82	Mid Rose
8006	D05257	Rose
8011	E06659	Blush
8016	EA737D	Musk
8017	DF4652	Dark Musk
8027	F28890	Pink
8028	EB5B67	Light Hot Pink
8029	DB303E	Hot Pink
8031	EEB7A0	Pale Pink
8032	F28A8B	Light Carnation
8033	E9496D	Carnation
8035	F0AF9F	Pastel Pink
8036	EA8691	Mid Pink
8037	D86271	Floral
8038	B83151	Dark Floral
8041	9C2031	Cerise
8043	F0C3A1	Ice Pink
8044	E67078	Frilly Pink
8048	EA9498	Light Frilly Pink
8049	D97A84	Lilac Pink
8050	C65B67	Light Fuschia
8051	B0344A	Fuschia
8052	961F3C	Dark Fuschia
8053	9A0B2B	Deep Blush
8054	EB9EA9	Baby Pink
8055	A94A62	Light Magenta
8056	A43456	Mid Magenta
8057	74162F	Magenta
8058	5E1124	Dark Magenta
8059	DD7787	Lolly Pink
8060	E96983	Light Jazz Pink
8061	DB496B	Jazz Pink
8062	D4325E	Mid Jazz Pink
8063	C32244	Dark Jazz Pink
8064	AA1037	Cyclamen
8065	D74D73	Light Cyclamen
8066	D42758	Mid Cyclamen
8067	C00E3E	Dark Cyclamen
8068	E0A8AD	Pink Mist
8069	D685A9	Crepe Myrtle
8070	DA84A4	Light Puce
8071	CB427E	Puce
8072	AA1150	Dark Puce
8073	A91454	Bright Cerise
8074	7A0829	Port Wine
8075	E09991	Pale Soft Pink
8076	D87E7D	Soft Pink
8077	C36063	Rose Bud
8082	B0797C	Pink Haze
8083	E9A299	Blossom
8084	A1607C	Sweet Pea
8085	7F3844	Rose Quartz
8086	642430	Mid Garnet
8087	591B29	Garnet
8336	EC9781	Feather Pink
8337	EE846A	Light Coral
8338	ED7359	Coral
8342	D4A893	Pearl
8353	DFB1A2	Light Nacre
8369	E3A993	Light Ballet Pink
8370	E99880	Ballet Slipper Pink
8371	D8907A	Pale Salmon
8372	CF785E	Salmon
8378	CB968F	Ice Burgundy
8007	BA3E44	Dark Rose
8008	A62B32	Geranium
8010	E58F7B	Light Blush
8012	E44542	Pale Scarlet
8013	C92B2F	Scarlet
8014	AC0F1E	Bright Red
8015	940915	Red
8018	D32C3C	Lipstick
8019	D82530	Flamingo
8020	BA0A19	Flag Red
8021	8F101E	Crimson
8022	710B1D	Dark Crimson
8023	5C0917	Burgundy
8024	731122	Claret
8025	69081B	Ruby
8026	460A15	Shiraz
8030	D32638	Bright Pink
8042	5B0D1D	Wine
8078	994249	Light Dusky Pink
8079	873438	Dusky Pink
8080	6E272D	Dark Dusky Pink
8081	54181C	Sangria
8088	551623	Dark Garnet
8335	C42C26	Poppy
8341	D72227	Sunset
8348	D16440	Light Brick Red
8349	AE442C	Brick Red
8350	A73B2C	Dark Brick Red
8351	902A22	Rust
8352	77231E	Dark Rust
8373	DA7560	Mid Salmon
8374	B85044	Dark Salmon
8375	B14338	Siena
8376	A23534	Dark Siena
8377	85272E	Light Burgundy
8002	DEDAD0	White
8003	EBC8AE	Ecru
8291	AEA79C	Ivory
8295	B4AA91	Steam Cloud
8299	C4AB8F	Bone
8301	A87F67	Sand
8382	D39D90	Porcelain Pink
8383	D69C8E	Light Mole Pink
8394	DFBFAB	Magnolia
8395	D3B3A0	Pampas
8396	BF9D90	Light Latte
8406	D3AD9C	Baby Blossom
8411	C8C6C6	Frost
8412	CFC097	Alabaster
8413	B8A794	Light Stone
8414	998D80	Mid Stone
8419	969186	Ash
8423	CCAF9E	Frosty Pink
8424	AE8D79	Light Clay
8428	C8AFA1	Snow Drift
8429	A38074	Twig
8434	A0A096	Arctic Grey
8435	837976	Cement
8440	A4A39F	Pale Dove
8441	85858B	Dove
8300	CDAA73	Cream
8305	E18C37	Straw
8306	BF742E	Cadmium
8313	D59E57	Sahara
8314	C99240	Canary
8315	CA8F3A	Harvest Gold
8316	B06C22	Sunflower
8317	CCB742	Citrus
8318	E2BC0C	Dark Citrus
8319	EBBF0E	Wattle
8320	E3AD07	Dark Wattle
8321	E0BB71	Primrose Yellow
8322	EAC05A	Dark Primrose
8323	E3B415	Lemon Cadmium
8324	EBA514	Sunshine
8325	F7A224	Marigold
8326	ECBA6F	Baby Yellow
8327	EDB861	Lemon Yellow
8328	E7A723	Daffodil
8329	EF9028	Chrome
8360	E4C28B	Parchment
8361	EEB077	Light Skin Tone
